"hs2_code","hs2_heading","hs4_code","hs4_heading"
"01","Live Animals","0101","Horses"
"01","Live Animals","0102","Bovine"
"01","Live Animals","0103","Pigs"
"01","Live Animals","0104","Sheep And Goats"
"01","Live Animals","0105","Poultry"
"01","Live Animals","0106","Other Animals"
"01","Live Animals","0198","Small Shipments In Extra Trade (Chapter 01)"
"02","Meat & Edible Offal","0201","Bovine Meat"
"02","Meat & Edible Offal","0202","Frozen Bovine Meat"
"02","Meat & Edible Offal","0203","Pig Meat"
"02","Meat & Edible Offal","0204","Sheep And Goat Meat"
"02","Meat & Edible Offal","0205","Horse Meat"
"02","Meat & Edible Offal","0206","Edible Offal"
"02","Meat & Edible Offal","0207","Poultry Meat"
"02","Meat & Edible Offal","0208","Other Meat"
"02","Meat & Edible Offal","0209","Animal Fat"
"02","Meat & Edible Offal","0210","Preserved Meat"
"02","Meat & Edible Offal","0298","Small Shipments In Extra Trade (Chapter 02)"
"03","Fish, Crustaceans & Molluscs","0301","Live Fish"
"03","Fish, Crustaceans & Molluscs","0302","Non-Fillet Fresh Fish"
"03","Fish, Crustaceans & Molluscs","0303","Non-Fillet Frozen Fish"
"03","Fish, Crustaceans & Molluscs","0304","Fish Fillets"
"03","Fish, Crustaceans & Molluscs","0305","Dried/Salted/Smoked/Brined Fish"
"03","Fish, Crustaceans & Molluscs","0306","Crustaceans"
"03","Fish, Crustaceans & Molluscs","0307","Molluscs"
"03","Fish, Crustaceans & Molluscs","0308","Aquatic Invertebrates, Other Than Crustaceans And Molluscs"
"03","Fish, Crustaceans & Molluscs","0309","Edible Fish Based Flours And Pellets"
"03","Fish, Crustaceans & Molluscs","0398","Small Shipments In Extra Trade (Chapter 03)"
"04","Edible Products Of Animal Origin, N.E.S.","0401","Milk"
"04","Edible Products Of Animal Origin, N.E.S.","0402","Concentrated Milk"
"04","Edible Products Of Animal Origin, N.E.S.","0403","Fermented Milk Products"
"04","Edible Products Of Animal Origin, N.E.S.","0404","Whey And Other Milk Products"
"04","Edible Products Of Animal Origin, N.E.S.","0405","Butter"
"04","Edible Products Of Animal Origin, N.E.S.","0406","Cheese"
"04","Edible Products Of Animal Origin, N.E.S.","0407","Eggs"
"04","Edible Products Of Animal Origin, N.E.S.","0408","Processed Egg Products"
"04","Edible Products Of Animal Origin, N.E.S.","0409","Honey"
"04","Edible Products Of Animal Origin, N.E.S.","0410","Other Edible Animal Products"
"04","Edible Products Of Animal Origin, N.E.S.","0498","Small Shipments In Extra Trade (Chapter 04)"
"05","Animal Originated Products, N.E.S.","0501","Human Hair"
"05","Animal Originated Products, N.E.S.","0502","Pig Hair"
"05","Animal Originated Products, N.E.S.","0503","Horsehair Waste"
"05","Animal Originated Products, N.E.S.","0504","Animal Organs"
"05","Animal Originated Products, N.E.S.","0505","Bird Feathers And Skins"
"05","Animal Originated Products, N.E.S.","0506","Processed Bones"
"05","Animal Originated Products, N.E.S.","0507","Raw Bones"
"05","Animal Originated Products, N.E.S.","0508","Coral And Shells"
"05","Animal Originated Products, N.E.S.","0509","Natural Sponges"
"05","Animal Originated Products, N.E.S.","0510","Pharmaceutical Animal Products"
"05","Animal Originated Products, N.E.S.","0511","Other Inedible Animal Products"
"05","Animal Originated Products, N.E.S.","0598","Small Shipments In Extra Trade (Chapter 05)"
"06","Live Trees, Plants, Bulbs, Cut Flowers, & Ornamental Foliage","0601","Bulbs And Roots"
"06","Live Trees, Plants, Bulbs, Cut Flowers, & Ornamental Foliage","0602","Other Live Plants, Cuttings And Slips; Mushroom Spawn"
"06","Live Trees, Plants, Bulbs, Cut Flowers, & Ornamental Foliage","0603","Cut Flowers"
"06","Live Trees, Plants, Bulbs, Cut Flowers, & Ornamental Foliage","0604","Plant Foliage"
"06","Live Trees, Plants, Bulbs, Cut Flowers, & Ornamental Foliage","0698","Small Shipments In Extra Trade (Chapter 06)"
"07","Edible Vegetables, Roots, & Tubers","0701","Potatoes"
"07","Edible Vegetables, Roots, & Tubers","0702","Tomatoes"
"07","Edible Vegetables, Roots, & Tubers","0703","Onions"
"07","Edible Vegetables, Roots, & Tubers","0704","Cabbages"
"07","Edible Vegetables, Roots, & Tubers","0705","Lettuce"
"07","Edible Vegetables, Roots, & Tubers","0706","Root Vegetables"
"07","Edible Vegetables, Roots, & Tubers","0707","Cucumbers"
"07","Edible Vegetables, Roots, & Tubers","0708","Legumes"
"07","Edible Vegetables, Roots, & Tubers","0709","Other Vegetables"
"07","Edible Vegetables, Roots, & Tubers","0710","Frozen Vegetables"
"07","Edible Vegetables, Roots, & Tubers","0711","Preserved Vegetables"
"07","Edible Vegetables, Roots, & Tubers","0712","Dried Vegetables"
"07","Edible Vegetables, Roots, & Tubers","0713","Dried Legumes"
"07","Edible Vegetables, Roots, & Tubers","0714","Cassava"
"07","Edible Vegetables, Roots, & Tubers","0798","Small Shipments In Extra Trade (Chapter 07)"
"08","Edible Fruits, Nuts & Fruit Peels","0801","Coconuts, Brazil Nuts, And Cashews"
"08","Edible Fruits, Nuts & Fruit Peels","0802","Other Nuts"
"08","Edible Fruits, Nuts & Fruit Peels","0803","Bananas"
"08","Edible Fruits, Nuts & Fruit Peels","0804","Tropical Fruits"
"08","Edible Fruits, Nuts & Fruit Peels","0805","Citrus"
"08","Edible Fruits, Nuts & Fruit Peels","0806","Grapes"
"08","Edible Fruits, Nuts & Fruit Peels","0807","Melons"
"08","Edible Fruits, Nuts & Fruit Peels","0808","Apples And Pears"
"08","Edible Fruits, Nuts & Fruit Peels","0809","Pitted Fruits"
"08","Edible Fruits, Nuts & Fruit Peels","0810","Other Fruits"
"08","Edible Fruits, Nuts & Fruit Peels","0811","Frozen Fruits And Nuts"
"08","Edible Fruits, Nuts & Fruit Peels","0812","Preserved Fruits And Nuts"
"08","Edible Fruits, Nuts & Fruit Peels","0813","Dried Fruits"
"08","Edible Fruits, Nuts & Fruit Peels","0814","Citrus And Melon Peels"
"08","Edible Fruits, Nuts & Fruit Peels","0898","Small Shipments In Extra Trade (Chapter 08)"
"09","Coffee, Tea, Mate & Spices","0901","Coffee"
"09","Coffee, Tea, Mate & Spices","0902","Tea"
"09","Coffee, Tea, Mate & Spices","0903","Mate"
"09","Coffee, Tea, Mate & Spices","0904","Pepper"
"09","Coffee, Tea, Mate & Spices","0905","Vanilla"
"09","Coffee, Tea, Mate & Spices","0906","Cinnamon"
"09","Coffee, Tea, Mate & Spices","0907","Cloves"
"09","Coffee, Tea, Mate & Spices","0908","Nutmeg, Mace And Cardamons"
"09","Coffee, Tea, Mate & Spices","0909","Spice Seeds"
"09","Coffee, Tea, Mate & Spices","0910","Spices"
"09","Coffee, Tea, Mate & Spices","0998","Small Shipments In Extra Trade (Chapter 09)"
"10","Cereals","1001","Wheat"
"10","Cereals","1002","Rye"
"10","Cereals","1003","Barley"
"10","Cereals","1004","Oats"
"10","Cereals","1005","Corn"
"10","Cereals","1006","Rice"
"10","Cereals","1007","Sorghum"
"10","Cereals","1008","Buckwheat"
"10","Cereals","1098","Small Shipments In Extra Trade (Chapter 10)"
"11","Products Of The Milling Industry","1101","Wheat Flours"
"11","Products Of The Milling Industry","1102","Cereal Flours"
"11","Products Of The Milling Industry","1103","Cereal Meal And Pellets"
"11","Products Of The Milling Industry","1104","Processed Cereals"
"11","Products Of The Milling Industry","1105","Potato Flours"
"11","Products Of The Milling Industry","1106","Legume Flours"
"11","Products Of The Milling Industry","1107","Malt"
"11","Products Of The Milling Industry","1108","Starches"
"11","Products Of The Milling Industry","1109","Wheat Gluten"
"11","Products Of The Milling Industry","1198","Small Shipments In Extra Trade (Chapter 11)"
"12","Oils Seeds, Oleaginous Fruits, Grains, Straw & Fodder","1201","Soybeans"
"12","Oils Seeds, Oleaginous Fruits, Grains, Straw & Fodder","1202","Ground Nuts"
"12","Oils Seeds, Oleaginous Fruits, Grains, Straw & Fodder","1203","Copra"
"12","Oils Seeds, Oleaginous Fruits, Grains, Straw & Fodder","1204","Linseed"
"12","Oils Seeds, Oleaginous Fruits, Grains, Straw & Fodder","1205","Rapeseed"
"12","Oils Seeds, Oleaginous Fruits, Grains, Straw & Fodder","1206","Sunflower Seeds"
"12","Oils Seeds, Oleaginous Fruits, Grains, Straw & Fodder","1207","Other Oily Seeds"
"12","Oils Seeds, Oleaginous Fruits, Grains, Straw & Fodder","1208","Oil Seed Flower"
"12","Oils Seeds, Oleaginous Fruits, Grains, Straw & Fodder","1209","Sowing Seeds"
"12","Oils Seeds, Oleaginous Fruits, Grains, Straw & Fodder","1210","Hops"
"12","Oils Seeds, Oleaginous Fruits, Grains, Straw & Fodder","1211","Perfume Plants"
"12","Oils Seeds, Oleaginous Fruits, Grains, Straw & Fodder","1212","Locust Beans, Seaweed, Sugar Beet, Cane, For Food"
"12","Oils Seeds, Oleaginous Fruits, Grains, Straw & Fodder","1213","Cereal Straws"
"12","Oils Seeds, Oleaginous Fruits, Grains, Straw & Fodder","1214","Forage Crops"
"12","Oils Seeds, Oleaginous Fruits, Grains, Straw & Fodder","1298","Small Shipments In Extra Trade (Chapter 12)"
"13","Natural Gums, Resins & Other Vegetable Extracts","1301","Insect Resins"
"13","Natural Gums, Resins & Other Vegetable Extracts","1302","Vegetable Saps"
"13","Natural Gums, Resins & Other Vegetable Extracts","1398","Small Shipments In Extra Trade (Chapter 13)"
"14","Vegetable Plaiting Materials & Products, N.E.S.","1401","Vegetable Plaiting Materials"
"14","Vegetable Plaiting Materials & Products, N.E.S.","1402","Vegetable Stuffing Materials"
"14","Vegetable Plaiting Materials & Products, N.E.S.","1403","Vegetable Material For Brooms And Brushes"
"14","Vegetable Plaiting Materials & Products, N.E.S.","1404","Other Vegetable Products"
"14","Vegetable Plaiting Materials & Products, N.E.S.","1498","Small Shipments In Extra Trade (Chapter 14)"
"15","Animal Or Vegetable Fats, Oils, & Waxes","1501","Pig And Poultry Fat"
"15","Animal Or Vegetable Fats, Oils, & Waxes","1502","Bovine, Sheep, And Goat Fat"
"15","Animal Or Vegetable Fats, Oils, & Waxes","1503","Lard Stearin And Oils"
"15","Animal Or Vegetable Fats, Oils, & Waxes","1504","Fish Oil"
"15","Animal Or Vegetable Fats, Oils, & Waxes","1505","Wool Grease"
"15","Animal Or Vegetable Fats, Oils, & Waxes","1506","Other Animal Fats"
"15","Animal Or Vegetable Fats, Oils, & Waxes","1507","Soybean Oil"
"15","Animal Or Vegetable Fats, Oils, & Waxes","1508","Ground Nut Oil"
"15","Animal Or Vegetable Fats, Oils, & Waxes","1509","Pure Olive Oil"
"15","Animal Or Vegetable Fats, Oils, & Waxes","1510","Olive Oil"
"15","Animal Or Vegetable Fats, Oils, & Waxes","1511","Palm Oil"
"15","Animal Or Vegetable Fats, Oils, & Waxes","1512","Seed Oils"
"15","Animal Or Vegetable Fats, Oils, & Waxes","1513","Coconut Oil"
"15","Animal Or Vegetable Fats, Oils, & Waxes","1514","Rapeseed Oil"
"15","Animal Or Vegetable Fats, Oils, & Waxes","1515","Other Pure Vegetable Oils"
"15","Animal Or Vegetable Fats, Oils, & Waxes","1516","Other Vegetable Oils"
"15","Animal Or Vegetable Fats, Oils, & Waxes","1517","Margarine"
"15","Animal Or Vegetable Fats, Oils, & Waxes","1518","Inedible Fats And Oils"
"15","Animal Or Vegetable Fats, Oils, & Waxes","1519","Stearic Acid"
"15","Animal Or Vegetable Fats, Oils, & Waxes","1520","Glycerol"
"15","Animal Or Vegetable Fats, Oils, & Waxes","1521","Vegetable Waxes And Beeswax"
"15","Animal Or Vegetable Fats, Oils, & Waxes","1522","Fat And Oil Residues"
"15","Animal Or Vegetable Fats, Oils, & Waxes","1598","Small Shipments In Extra Trade (Chapter 15)"
"16","Preparations Of Fish, Crustacenas, & Molluscs","1601","Sausages"
"16","Preparations Of Fish, Crustacenas, & Molluscs","1602","Other Prepared Meat"
"16","Preparations Of Fish, Crustacenas, & Molluscs","1603","Animal Extracts"
"16","Preparations Of Fish, Crustacenas, & Molluscs","1604","Processed Fish"
"16","Preparations Of Fish, Crustacenas, & Molluscs","1605","Processed Crustaceans"
"16","Preparations Of Fish, Crustacenas, & Molluscs","1698","Small Shipments In Extra Trade (Chapter 16)"
"17","Sugars & Confectioneries","1701","Raw Sugar"
"17","Sugars & Confectioneries","1702","Other Sugars"
"17","Sugars & Confectioneries","1703","Molasses"
"17","Sugars & Confectioneries","1704","Confectionery Sugar"
"17","Sugars & Confectioneries","1798","Small Shipments In Extra Trade (Chapter 17)"
"18","Cocoa & Cocoa Preparations","1801","Cocoa Beans"
"18","Cocoa & Cocoa Preparations","1802","Cocoa Shells"
"18","Cocoa & Cocoa Preparations","1803","Cocoa Paste"
"18","Cocoa & Cocoa Preparations","1804","Cocoa Butter"
"18","Cocoa & Cocoa Preparations","1805","Cocoa Powder"
"18","Cocoa & Cocoa Preparations","1806","Chocolate"
"18","Cocoa & Cocoa Preparations","1898","Small Shipments In Extra Trade (Chapter 18)"
"19","Preparations Of Cereals, Flour, Starch Or Milk","1901","Malt Extract"
"19","Preparations Of Cereals, Flour, Starch Or Milk","1902","Pasta"
"19","Preparations Of Cereals, Flour, Starch Or Milk","1903","Tapioca"
"19","Preparations Of Cereals, Flour, Starch Or Milk","1904","Prepared Cereals"
"19","Preparations Of Cereals, Flour, Starch Or Milk","1905","Baked Goods"
"19","Preparations Of Cereals, Flour, Starch Or Milk","1998","Small Shipments In Extra Trade (Chapter 19)"
"20","Preparations Of Vegetables, Fruit, Nuts Or Other Plant Parts","2001","Pickled Foods"
"20","Preparations Of Vegetables, Fruit, Nuts Or Other Plant Parts","2002","Processed Tomatoes"
"20","Preparations Of Vegetables, Fruit, Nuts Or Other Plant Parts","2003","Processed Mushrooms"
"20","Preparations Of Vegetables, Fruit, Nuts Or Other Plant Parts","2004","Other Frozen Vegetables"
"20","Preparations Of Vegetables, Fruit, Nuts Or Other Plant Parts","2005","Other Processed Vegetables"
"20","Preparations Of Vegetables, Fruit, Nuts Or Other Plant Parts","2006","Sugar Preserved Foods"
"20","Preparations Of Vegetables, Fruit, Nuts Or Other Plant Parts","2007","Jams"
"20","Preparations Of Vegetables, Fruit, Nuts Or Other Plant Parts","2008","Other Processed Fruits And Nuts"
"20","Preparations Of Vegetables, Fruit, Nuts Or Other Plant Parts","2009","Fruit Juice"
"20","Preparations Of Vegetables, Fruit, Nuts Or Other Plant Parts","2098","Small Shipments In Extra Trade (Chapter 20)"
"21","Miscellaneous Edible Preparations","2101","Coffee And Tea Extracts"
"21","Miscellaneous Edible Preparations","2102","Yeast"
"21","Miscellaneous Edible Preparations","2103","Sauces And Seasonings"
"21","Miscellaneous Edible Preparations","2104","Soups And Broths"
"21","Miscellaneous Edible Preparations","2105","Ice Cream"
"21","Miscellaneous Edible Preparations","2106","Other Edible Preparations"
"21","Miscellaneous Edible Preparations","2198","Small Shipments In Extra Trade (Chapter 21)"
"22","Beverages, Spirits, & Vinegar","2201","Water"
"22","Beverages, Spirits, & Vinegar","2202","Flavored Water"
"22","Beverages, Spirits, & Vinegar","2203","Beer"
"22","Beverages, Spirits, & Vinegar","2204","Wine"
"22","Beverages, Spirits, & Vinegar","2205","Vermouth"
"22","Beverages, Spirits, & Vinegar","2206","Other Fermented Beverages"
"22","Beverages, Spirits, & Vinegar","2207","Alcohol > 80% ABV"
"22","Beverages, Spirits, & Vinegar","2208","Hard Liquor"
"22","Beverages, Spirits, & Vinegar","2209","Vinegar"
"22","Beverages, Spirits, & Vinegar","2298","Small Shipments In Extra Trade (Chapter 22)"
"23","Food Residues & Wastes; Animal Fodder","2301","Animal Meal And Pellets"
"23","Food Residues & Wastes; Animal Fodder","2302","Bran"
"23","Food Residues & Wastes; Animal Fodder","2303","Starch Residue"
"23","Food Residues & Wastes; Animal Fodder","2304","Soybean Meal"
"23","Food Residues & Wastes; Animal Fodder","2305","Ground Nut Meal"
"23","Food Residues & Wastes; Animal Fodder","2306","Other Vegetable Residues"
"23","Food Residues & Wastes; Animal Fodder","2307","Wine Lees"
"23","Food Residues & Wastes; Animal Fodder","2308","Other Vegetable Residues And Waste"
"23","Food Residues & Wastes; Animal Fodder","2309","Animal Food"
"23","Food Residues & Wastes; Animal Fodder","2398","Small Shipments In Extra Trade (Chapter 23)"
"24","Tobacco & Substitutes","2401","Raw Tobacco"
"24","Tobacco & Substitutes","2402","Rolled Tobacco"
"24","Tobacco & Substitutes","2403","Processed Tobacco"
"24","Tobacco & Substitutes","2404","Inhalable Tobacco/Nicotine Products"
"24","Tobacco & Substitutes","2498","Small Shipments In Extra Trade (Chapter 24)"
"25","Salt, sulphur, cement, lime, stone, & plaster","2501","Salt"
"25","Salt, sulphur, cement, lime, stone, & plaster","2502","Iron Pyrites"
"25","Salt, sulphur, cement, lime, stone, & plaster","2503","Sulphur"
"25","Salt, sulphur, cement, lime, stone, & plaster","2504","Graphite"
"25","Salt, sulphur, cement, lime, stone, & plaster","2505","Sand"
"25","Salt, sulphur, cement, lime, stone, & plaster","2506","Quartz"
"25","Salt, sulphur, cement, lime, stone, & plaster","2507","Kaolin"
"25","Salt, sulphur, cement, lime, stone, & plaster","2508","Clays"
"25","Salt, sulphur, cement, lime, stone, & plaster","2509","Chalk"
"25","Salt, sulphur, cement, lime, stone, & plaster","2510","Calcium Phosphates"
"25","Salt, sulphur, cement, lime, stone, & plaster","2511","Barium Sulphate"
"25","Salt, sulphur, cement, lime, stone, & plaster","2512","Siliceous Fossil Meals"
"25","Salt, sulphur, cement, lime, stone, & plaster","2513","Pumice"
"25","Salt, sulphur, cement, lime, stone, & plaster","2514","Slate"
"25","Salt, sulphur, cement, lime, stone, & plaster","2515","Marble, Travertine and Alabaster"
"25","Salt, sulphur, cement, lime, stone, & plaster","2516","Granite"
"25","Salt, sulphur, cement, lime, stone, & plaster","2517","Gravel and Crushed Stone"
"25","Salt, sulphur, cement, lime, stone, & plaster","2518","Dolomite"
"25","Salt, sulphur, cement, lime, stone, & plaster","2519","Magnesium Carbonate"
"25","Salt, sulphur, cement, lime, stone, & plaster","2520","Gypsum"
"25","Salt, sulphur, cement, lime, stone, & plaster","2521","Limestone"
"25","Salt, sulphur, cement, lime, stone, & plaster","2522","Quicklime"
"25","Salt, sulphur, cement, lime, stone, & plaster","2523","Cement"
"25","Salt, sulphur, cement, lime, stone, & plaster","2524","Asbestos"
"25","Salt, sulphur, cement, lime, stone, & plaster","2525","Mica"
"25","Salt, sulphur, cement, lime, stone, & plaster","2526","Soapstone"
"25","Salt, sulphur, cement, lime, stone, & plaster","2527","Natural cryolite, natural chiolite"
"25","Salt, sulphur, cement, lime, stone, & plaster","2528","Borax"
"25","Salt, sulphur, cement, lime, stone, & plaster","2529","Feldspar"
"25","Salt, sulphur, cement, lime, stone, & plaster","2530","Other Mineral"
"25","Salt, sulphur, cement, lime, stone, & plaster","2598","Small shipments in extra trade (Chapter 25)"
"26","Ores, slag and ash","2601","Iron Ore"
"26","Ores, slag and ash","2602","Manganese Ore"
"26","Ores, slag and ash","2603","Copper Ore"
"26","Ores, slag and ash","2604","Nickel Ore"
"26","Ores, slag and ash","2605","Cobalt Ore"
"26","Ores, slag and ash","2606","Aluminium Ore"
"26","Ores, slag and ash","2607","Lead Ore"
"26","Ores, slag and ash","2608","Zinc Ore"
"26","Ores, slag and ash","2609","Tin Ores"
"26","Ores, slag and ash","2610","Chromium Ore"
"26","Ores, slag and ash","2611","Tungsten Ore"
"26","Ores, slag and ash","2612","Uranium and Thorium Ore"
"26","Ores, slag and ash","2613","Molybdenum Ore"
"26","Ores, slag and ash","2614","Titanium Ore"
"26","Ores, slag and ash","2615","Niobium, Tantalum, Vanadium and Zirconium Ore"
"26","Ores, slag and ash","2616","Precious Metal Ore"
"26","Ores, slag and ash","2617","Other Ores"
"26","Ores, slag and ash","2618","Granulated Slag"
"26","Ores, slag and ash","2619","Slag Dross"
"26","Ores, slag and ash","2620","Non-Iron and Steel Slag, Ash and Residues"
"26","Ores, slag and ash","2621","Other Slag and Ash"
"26","Ores, slag and ash","2698","Small shipments in extra trade (Chapter 26)"
"27","Mineral fuels, mineral oils and products of their distillation","2701","Coal Briquettes"
"27","Mineral fuels, mineral oils and products of their distillation","2702","Lignite"
"27","Mineral fuels, mineral oils and products of their distillation","2703","Peat"
"27","Mineral fuels, mineral oils and products of their distillation","2704","Coke"
"27","Mineral fuels, mineral oils and products of their distillation","2705","Non-Petroleum Gas"
"27","Mineral fuels, mineral oils and products of their distillation","2706","Tar"
"27","Mineral fuels, mineral oils and products of their distillation","2707","Coal Tar Oil"
"27","Mineral fuels, mineral oils and products of their distillation","2708","Pitch Coke"
"27","Mineral fuels, mineral oils and products of their distillation","2709","Crude Petroleum"
"27","Mineral fuels, mineral oils and products of their distillation","2710","Refined Petroleum"
"27","Mineral fuels, mineral oils and products of their distillation","2711","Petroleum Gas"
"27","Mineral fuels, mineral oils and products of their distillation","2712","Petroleum Jelly"
"27","Mineral fuels, mineral oils and products of their distillation","2713","Petroleum Coke"
"27","Mineral fuels, mineral oils and products of their distillation","2714","Bitumen and asphalt"
"27","Mineral fuels, mineral oils and products of their distillation","2715","Asphalt Mixtures"
"27","Mineral fuels, mineral oils and products of their distillation","2716","Electricity"
"27","Mineral fuels, mineral oils and products of their distillation","2798","Small shipments in extra trade (Chapter 27)"
"28","Inorganic chemicals","2801","Halogens"
"28","Inorganic chemicals","2802","Sulfur"
"28","Inorganic chemicals","2803","Carbon"
"28","Inorganic chemicals","2804","Hydrogen"
"28","Inorganic chemicals","2805","Alkali, alkaline-earth, rare-earth metals, scandium, yttrium, and mercury"
"28","Inorganic chemicals","2806","Hydrochloric Acid"
"28","Inorganic chemicals","2807","Sulfuric Acid"
"28","Inorganic chemicals","2808","Nitric Acids"
"28","Inorganic chemicals","2809","Phosphoric Acid"
"28","Inorganic chemicals","2810","Boron"
"28","Inorganic chemicals","2811","Other Inorganic Acids"
"28","Inorganic chemicals","2812","Halides"
"28","Inorganic chemicals","2813","Nonmetal Sulfides"
"28","Inorganic chemicals","2814","Ammonia"
"28","Inorganic chemicals","2815","Sodium or Potassium Peroxides"
"28","Inorganic chemicals","2816","Magnesium Hydroxide and Peroxide"
"28","Inorganic chemicals","2817","Zinc Oxide and Peroxide"
"28","Inorganic chemicals","2818","Aluminium Oxide"
"28","Inorganic chemicals","2819","Chromium Oxides and Hydroxides"
"28","Inorganic chemicals","2820","Manganese Oxides"
"28","Inorganic chemicals","2821","Iron Oxides and Hydroxides"
"28","Inorganic chemicals","2822","Cobalt Oxides and Hydroxides"
"28","Inorganic chemicals","2823","Titanium Oxides"
"28","Inorganic chemicals","2824","Lead Oxides"
"28","Inorganic chemicals","2825","Inorganic Salts"
"28","Inorganic chemicals","2826","Fluorides"
"28","Inorganic chemicals","2827","Chlorides"
"28","Inorganic chemicals","2828","Hypochlorites"
"28","Inorganic chemicals","2829","Chlorates and Perchlorates"
"28","Inorganic chemicals","2830","Sulfides"
"28","Inorganic chemicals","2831","Dithionites and Sulfoxylates"
"28","Inorganic chemicals","2832","Sulfites"
"28","Inorganic chemicals","2833","Sulfates"
"28","Inorganic chemicals","2834","Nitrites and Nitrates"
"28","Inorganic chemicals","2835","Phosphinates (hypophosphites) and phosphonates (phosphites)"
"28","Inorganic chemicals","2836","Carbonates"
"28","Inorganic chemicals","2837","Cyanides"
"28","Inorganic chemicals","2838","Fulminates"
"28","Inorganic chemicals","2839","Silicates"
"28","Inorganic chemicals","2840","Borates"
"28","Inorganic chemicals","2841","Oxometallic or Peroxometallic Acid Salts"
"28","Inorganic chemicals","2842","Other Inorganic Acids Salts"
"28","Inorganic chemicals","2843","Precious Metal Compounds"
"28","Inorganic chemicals","2844","Radioactive Chemicals"
"28","Inorganic chemicals","2845","Other Isotopes"
"28","Inorganic chemicals","2846","Rare-Earth Metal Compounds"
"28","Inorganic chemicals","2847","Hydrogen peroxide"
"28","Inorganic chemicals","2848","Phosphides"
"28","Inorganic chemicals","2849","Carbides"
"28","Inorganic chemicals","2850","Hydrides and other anions"
"28","Inorganic chemicals","2851","Inorganic Compounds"
"28","Inorganic chemicals","2852","Compounds, inorganic or organic, of mercury, excluding amalgams"
"28","Inorganic chemicals","2853","Other inorganic compounds"
"28","Inorganic chemicals","2898","Small shipments in extra trade (Chapter 28)"
"29","Organic chemicals","2901","Acyclic Hydrocarbons"
"29","Organic chemicals","2902","Cyclic Hydrocarbons"
"29","Organic chemicals","2903","Halogenated Hydrocarbons"
"29","Organic chemicals","2904","Sulfonated, Nitrated or Nitrosated Hydrocarbons"
"29","Organic chemicals","2905","Acyclic alcohol derivatives (halogenated, sulphonated, nitrated)"
"29","Organic chemicals","2906","Cyclic Alcohols"
"29","Organic chemicals","2907","Phenols"
"29","Organic chemicals","2908","Phenol Derivatives"
"29","Organic chemicals","2909","Ethers"
"29","Organic chemicals","2910","Epoxides"
"29","Organic chemicals","2911","Acetals and Hemiacetals"
"29","Organic chemicals","2912","Aldehydes, cyclic polymers, and paraformaldehyde"
"29","Organic chemicals","2913","Halogenated aldehyde derivatives (heading 2912)"
"29","Organic chemicals","2914","Ketones and Quinones"
"29","Organic chemicals","2915","Saturated Acyclic Monocarboxylic Acids"
"29","Organic chemicals","2916","Unsaturated Acyclic Monocarboxylic Acids"
"29","Organic chemicals","2917","Polycarboxylic Acids"
"29","Organic chemicals","2918","Carboxylic Acids"
"29","Organic chemicals","2919","Phosphoric Esters and Salts"
"29","Organic chemicals","2920","Other Esters"
"29","Organic chemicals","2921","Amine Compounds"
"29","Organic chemicals","2922","Oxygen Amino Compounds"
"29","Organic chemicals","2923","Quaternary Ammonium Salts and Hydroxides"
"29","Organic chemicals","2924","Carboxyamide Compounds"
"29","Organic chemicals","2925","Carboxyimide Compounds"
"29","Organic chemicals","2926","Nitrile Compounds"
"29","Organic chemicals","2927","Diazo, Azo or Aoxy Compounds"
"29","Organic chemicals","2928","Hydrazine or Hydroxylamine Derivatives"
"29","Organic chemicals","2929","Other Nitrogen Compounds"
"29","Organic chemicals","2930","Organo-Sulfur Compounds"
"29","Organic chemicals","2931","Other Organo-Inorganic Compounds"
"29","Organic chemicals","2932","Oxygen Heterocyclic Compounds"
"29","Organic chemicals","2933","Nitrogen Heterocyclic Compounds"
"29","Organic chemicals","2934","Nucleic Acids"
"29","Organic chemicals","2935","Sulfonamides"
"29","Organic chemicals","2936","Vitamins"
"29","Organic chemicals","2937","Hormones"
"29","Organic chemicals","2938","Glycosides"
"29","Organic chemicals","2939","Vegetable Alkaloids"
"29","Organic chemicals","2940","Chemically Pure Sugars"
"29","Organic chemicals","2941","Antibiotics"
"29","Organic chemicals","2942","Other Organic Compounds"
"29","Organic chemicals","2998","Small shipments in extra trade (Chapter 29)"
"30","Pharmaceutical products","3001","Glands and Other Organs"
"30","Pharmaceutical products","3002","Vaccines, blood, antisera, toxins and cultures"
"30","Pharmaceutical products","3003","Unpackaged Medicaments"
"30","Pharmaceutical products","3004","Packaged Medicaments"
"30","Pharmaceutical products","3005","Bandages"
"30","Pharmaceutical products","3006","Special Pharmaceuticals"
"30","Pharmaceutical products","3098","Small shipments in extra trade (Chapter 30)"
"31","Fertilizers","3101","Animal or Vegetable Fertilizers"
"31","Fertilizers","3102","Nitrogenous Fertilizers"
"31","Fertilizers","3103","Phosphatic Fertilizers"
"31","Fertilizers","3104","Potassic Fertilizers"
"31","Fertilizers","3105","Mixed Mineral or Chemical Fertilizers"
"31","Fertilizers","3198","Small shipments in extra trade (Chapter 31)"
"32","Paints, dyes, & varnishes","3201","Vegetable Tanning Extracts"
"32","Paints, dyes, & varnishes","3202","Synthetic Tanning Extracts"
"32","Paints, dyes, & varnishes","3203","Vegetable or Animal Dyes"
"32","Paints, dyes, & varnishes","3204","Synthetic Coloring Matter"
"32","Paints, dyes, & varnishes","3205","Lake Pigments"
"32","Paints, dyes, & varnishes","3206","Other Coloring Matter"
"32","Paints, dyes, & varnishes","3207","Prepared Pigments"
"32","Paints, dyes, & varnishes","3208","Nonaqueous Paints"
"32","Paints, dyes, & varnishes","3209","Aqueous Paints"
"32","Paints, dyes, & varnishes","3210","Other Paints"
"32","Paints, dyes, & varnishes","3211","Prepared Paint Driers"
"32","Paints, dyes, & varnishes","3212","Nonaqueous Pigments"
"32","Paints, dyes, & varnishes","3213","Artistry Paints"
"32","Paints, dyes, & varnishes","3214","Glaziers Putty"
"32","Paints, dyes, & varnishes","3215","Ink"
"32","Paints, dyes, & varnishes","3298","Small shipments in extra trade (Chapter 32)"
"33","Perfumery & cosmetics","3301","Essential Oils"
"33","Perfumery & cosmetics","3302","Scented Mixtures"
"33","Perfumery & cosmetics","3303","Perfumes"
"33","Perfumery & cosmetics","3304","Beauty Products"
"33","Perfumery & cosmetics","3305","Hair Products"
"33","Perfumery & cosmetics","3306","Dental Products"
"33","Perfumery & cosmetics","3307","Shaving Products"
"33","Perfumery & cosmetics","3398","Small shipments in extra trade (Chapter 33)"
"34","Soap, cleaners, candles, dental, modelling pastes","3401","Soap"
"34","Soap, cleaners, candles, dental, modelling pastes","3402","Cleaning Products"
"34","Soap, cleaners, candles, dental, modelling pastes","3403","Lubricating Products"
"34","Soap, cleaners, candles, dental, modelling pastes","3404","Waxes"
"34","Soap, cleaners, candles, dental, modelling pastes","3405","Polishes and Creams"
"34","Soap, cleaners, candles, dental, modelling pastes","3406","Candles"
"34","Soap, cleaners, candles, dental, modelling pastes","3407","Pastes and Waxes"
"34","Soap, cleaners, candles, dental, modelling pastes","3498","Small shipments in extra trade (Chapter 34)"
"35","Glues, starches, & albuminoid products","3501","Casein"
"35","Glues, starches, & albuminoid products","3502","Water Soluble Proteins"
"35","Glues, starches, & albuminoid products","3503","Gelatin"
"35","Glues, starches, & albuminoid products","3504","Peptones"
"35","Glues, starches, & albuminoid products","3505","Dextrins"
"35","Glues, starches, & albuminoid products","3506","Glues"
"35","Glues, starches, & albuminoid products","3507","Enzymes"
"35","Glues, starches, & albuminoid products","3598","Small shipments in extra trade (Chapter 35)"
"36","Explosives, matches, & fireworks","3601","Propellant Powders"
"36","Explosives, matches, & fireworks","3602","Prepared Explosives"
"36","Explosives, matches, & fireworks","3603","Detonating Fuses"
"36","Explosives, matches, & fireworks","3604","Fireworks"
"36","Explosives, matches, & fireworks","3605","Matches"
"36","Explosives, matches, & fireworks","3606","Pyrophoric Alloys"
"36","Explosives, matches, & fireworks","3698","Small shipments in extra trade (Chapter 36)"
"37","Photo & movie goods","3701","Photographic Plates"
"37","Photo & movie goods","3702","Photographic Film"
"37","Photo & movie goods","3703","Photographic Paper"
"37","Photo & movie goods","3704","Undeveloped Exposed Photographic Material"
"37","Photo & movie goods","3705","Developed Exposed Photographic Material"
"37","Photo & movie goods","3706","Motion-picture film, exposed and developed"
"37","Photo & movie goods","3707","Photographic Chemicals"
"37","Photo & movie goods","3798","Small shipments in extra trade (Chapter 37)"
"38","Chemical products n.e.s.","3801","Artificial Graphite"
"38","Chemical products n.e.s.","3802","Activated Carbon"
"38","Chemical products n.e.s.","3803","Tall Oil"
"38","Chemical products n.e.s.","3804","Wood Pulp Lyes"
"38","Chemical products n.e.s.","3805","Turpentine"
"38","Chemical products n.e.s.","3806","Rosin"
"38","Chemical products n.e.s.","3807","Wood Tar, Oils and Pitch"
"38","Chemical products n.e.s.","3808","Pesticides"
"38","Chemical products n.e.s.","3809","Dyeing Finishing Agents"
"38","Chemical products n.e.s.","3810","Metal Pickling Preparations"
"38","Chemical products n.e.s.","3811","Antiknock"
"38","Chemical products n.e.s.","3812","Prepared Rubber Accelerators"
"38","Chemical products n.e.s.","3813","Fire Extinguishers Preparations"
"38","Chemical products n.e.s.","3814","Organic Composite Solvents"
"38","Chemical products n.e.s.","3815","Reaction and Catalytic Products"
"38","Chemical products n.e.s.","3816","Refractory Cements"
"38","Chemical products n.e.s.","3817","Alkylbenzenes and Alkylnaphthalenes"
"38","Chemical products n.e.s.","3818","Disc Chemicals for Electronics"
"38","Chemical products n.e.s.","3819","Hydraulic Brake Fluid"
"38","Chemical products n.e.s.","3820","Antifreeze"
"38","Chemical products n.e.s.","3821","Micro-Organism Culture Preparations"
"38","Chemical products n.e.s.","3822","Laboratory Reagents"
"38","Chemical products n.e.s.","3823","Industrial Fatty Acids, Oils and Alcohols"
"38","Chemical products n.e.s.","3824","Prepr binder for foundry"
"38","Chemical products n.e.s.","3825","Residual products of the chemical or allied industries"
"38","Chemical products n.e.s.","3826","Biodiesel and mixtures thereof"
"38","Chemical products n.e.s.","3827","Halogenated hydrocarbon mixtures"
"38","Chemical products n.e.s.","3898","Small shipments in extra trade (Chapter 38)"
"39","Plastics & articles thereof","3901","Ethylene Polymers"
"39","Plastics & articles thereof","3902","Propylene Polymers"
"39","Plastics & articles thereof","3903","Styrene Polymers"
"39","Plastics & articles thereof","3904","Vinyl Chloride Polymers"
"39","Plastics & articles thereof","3905","Other Vinyl Polymers"
"39","Plastics & articles thereof","3906","Acrylic Polymers"
"39","Plastics & articles thereof","3907","Polyacetals"
"39","Plastics & articles thereof","3908","Polyamides"
"39","Plastics & articles thereof","3909","Amino‑resins"
"39","Plastics & articles thereof","3910","Silicone"
"39","Plastics & articles thereof","3911","Petroleum Resins"
"39","Plastics & articles thereof","3912","Cellulose"
"39","Plastics & articles thereof","3913","Natural Polymers"
"39","Plastics & articles thereof","3914","Polymer Ion‑Exchangers"
"39","Plastics & articles thereof","3915","Scrap Plastic"
"39","Plastics & articles thereof","3916","Monofilament"
"39","Plastics & articles thereof","3917","Plastic Pipes"
"39","Plastics & articles thereof","3918","Plastic Floor Coverings"
"39","Plastics & articles thereof","3919","Self‑adhesive Plastics"
"39","Plastics & articles thereof","3920","Raw Plastic Sheeting"
"39","Plastics & articles thereof","3921","Other Plastic Sheetings"
"39","Plastics & articles thereof","3922","Plastic Wash Basins"
"39","Plastics & articles thereof","3923","Plastic Lids"
"39","Plastics & articles thereof","3924","Plastic Housewares"
"39","Plastics & articles thereof","3925","Plastic Building Materials"
"39","Plastics & articles thereof","3926","Other Plastic Products"
"39","Plastics & articles thereof","3998","Small shipments in extra trade (Chapter 39)"
"40","Rubber & articles thereof","4001","Rubber"
"40","Rubber & articles thereof","4002","Synthetic Rubber"
"40","Rubber & articles thereof","4003","Reclaimed Rubber"
"40","Rubber & articles thereof","4004","Scrap Rubber"
"40","Rubber & articles thereof","4005","Compounded Unvulcanised Rubber"
"40","Rubber & articles thereof","4006","Unvulcanised Rubber Products"
"40","Rubber & articles thereof","4007","Rubber Thread"
"40","Rubber & articles thereof","4008","Rubber Sheets"
"40","Rubber & articles thereof","4009","Rubber Pipes"
"40","Rubber & articles thereof","4010","Rubber Belting"
"40","Rubber & articles thereof","4011","Rubber Tires"
"40","Rubber & articles thereof","4012","Used Rubber Tires"
"40","Rubber & articles thereof","4013","Rubber Inner Tubes"
"40","Rubber & articles thereof","4014","Pharmaceutical Rubber Products"
"40","Rubber & articles thereof","4015","Rubber Apparel"
"40","Rubber & articles thereof","4016","Other Rubber Products"
"40","Rubber & articles thereof","4017","Hard Rubber"
"40","Rubber & articles thereof","4098","Small shipments in extra trade (Chapter 40)"
"41","Raw hides & skin (non-fur)","4101","Equine and Bovine Hides"
"41","Raw hides & skin (non-fur)","4102","Sheep Hides"
"41","Raw hides & skin (non-fur)","4103","Other Hides and Skins"
"41","Raw hides & skin (non-fur)","4104","Tanned Equine and Bovine Hides"
"41","Raw hides & skin (non-fur)","4105","Tanned Sheep Hides"
"41","Raw hides & skin (non-fur)","4106","Tanned Goat Hides"
"41","Raw hides & skin (non-fur)","4107","Leather of Other Animals"
"41","Raw hides & skin (non-fur)","4108","Chamois Leather"
"41","Raw hides & skin (non-fur)","4109","Patent Leather"
"41","Raw hides & skin (non-fur)","4110","Leather Waste"
"41","Raw hides & skin (non-fur)","4111","Leather Sheets"
"41","Raw hides & skin (non-fur)","4112","Leather further prepared after tanning or crusting of sheep or lamb"
"41","Raw hides & skin (non-fur)","4113","Leather further prepared after tanning or crusting of animals (other than ovine)"
"41","Raw hides & skin (non-fur)","4114","Chamois (including combination chamois) leather"
"41","Raw hides & skin (non-fur)","4115","Composition leather with a basis of leather or leather fibre"
"41","Raw hides & skin (non-fur)","4198","Small shipments in extra trade (Chapter 41)"
"42","Leather articles","4201","Saddlery"
"42","Leather articles","4202","Trunks and Cases"
"42","Leather articles","4203","Leather Apparel"
"42","Leather articles","4204","Leather Used in Machinery"
"42","Leather articles","4205","Other Leather Articles"
"42","Leather articles","4206","Articles of Gut"
"42","Leather articles","4298","Small shipments in extra trade (Chapter 42)"
"43","Furskins, articifial fur, & articles","4301","Raw Furskins"
"43","Furskins, articifial fur, & articles","4302","Tanned Furskins"
"43","Furskins, articifial fur, & articles","4303","Furskin Apparel"
"43","Furskins, articifial fur, & articles","4304","Artificial Fur"
"43","Furskins, articifial fur, & articles","4398","Small shipments in extra trade (Chapter 43)"
"44","Wood, wood articles, & charcoal","4401","Fuel Wood"
"44","Wood, wood articles, & charcoal","4402","Wood Charcoal"
"44","Wood, wood articles, & charcoal","4403","Rough Wood"
"44","Wood, wood articles, & charcoal","4404","Wood Stakes"
"44","Wood, wood articles, & charcoal","4405","Wood Wool"
"44","Wood, wood articles, & charcoal","4406","Railroad Ties"
"44","Wood, wood articles, & charcoal","4407","Sawn Wood"
"44","Wood, wood articles, & charcoal","4408","Veneer Sheets"
"44","Wood, wood articles, & charcoal","4409","Shaped Wood"
"44","Wood, wood articles, & charcoal","4410","Particle Board"
"44","Wood, wood articles, & charcoal","4411","Wood Fiberboard"
"44","Wood, wood articles, & charcoal","4412","Plywood"
"44","Wood, wood articles, & charcoal","4413","Densified Wood"
"44","Wood, wood articles, & charcoal","4414","Wood Frames"
"44","Wood, wood articles, & charcoal","4415","Wood Crates"
"44","Wood, wood articles, & charcoal","4416","Wood Barrels"
"44","Wood, wood articles, & charcoal","4417","Wooden Tool Handles"
"44","Wood, wood articles, & charcoal","4418","Wood Carpentry"
"44","Wood, wood articles, & charcoal","4419","Wood Kitchenware"
"44","Wood, wood articles, & charcoal","4420","Wood Ornaments"
"44","Wood, wood articles, & charcoal","4421","Other Wood Articles"
"44","Wood, wood articles, & charcoal","4498","Small shipments in extra trade (Chapter 44)"
"45","Cork & cork articles","4501","Raw Cork"
"45","Cork & cork articles","4502","Debacked Cork"
"45","Cork & cork articles","4503","Natural Cork Articles"
"45","Cork & cork articles","4504","Agglomerated Cork"
"45","Cork & cork articles","4598","Small shipments in extra trade (Chapter 45)"
"46","Straw & esparto manufactures","4601","Plaiting Products"
"46","Straw & esparto manufactures","4602","Basketwork"
"46","Straw & esparto manufactures","4698","Small shipments in extra trade (Chapter 46)"
"47","Wood pulp & paper scrap","4701","Mechanical Wood Pulp"
"47","Wood pulp & paper scrap","4702","Dissolving Grades Chemical Woodpulp"
"47","Wood pulp & paper scrap","4703","Sulfate Chemical Woodpulp"
"47","Wood pulp & paper scrap","4704","Sulfite Chemical Woodpulp"
"47","Wood pulp & paper scrap","4705","Semi chemical Woodpulp"
"47","Wood pulp & paper scrap","4706","Recovered Paper Pulp"
"47","Wood pulp & paper scrap","4707","Recovered Paper"
"47","Wood pulp & paper scrap","4798","Small shipments in extra trade (Chapter 47)"
"48","Paper articles","4801","Newsprint"
"48","Paper articles","4802","Uncoated Paper"
"48","Paper articles","4803","Tissue"
"48","Paper articles","4804","Kraft Paper"
"48","Paper articles","4805","Other Uncoated Paper"
"48","Paper articles","4806","Vegetable Parchment"
"48","Paper articles","4807","Composite Paper"
"48","Paper articles","4808","Corrugated Paper"
"48","Paper articles","4809","Carbon Paper"
"48","Paper articles","4810","Kaolin Coated Paper"
"48","Paper articles","4811","Cellulose Fibers Paper"
"48","Paper articles","4812","Paper Pulp Filter Blocks"
"48","Paper articles","4813","Cigarette Paper"
"48","Paper articles","4814","Wallpaper"
"48","Paper articles","4815","Paper Floor Coverings"
"48","Paper articles","4816","Other Carbon Paper"
"48","Paper articles","4817","Letter Stock"
"48","Paper articles","4818","Toilet Paper"
"48","Paper articles","4819","Paper Containers"
"48","Paper articles","4820","Paper Notebooks"
"48","Paper articles","4821","Paper Labels"
"48","Paper articles","4822","Paper Spools"
"48","Paper articles","4823","Shaped Paper"
"48","Paper articles","4898","Small shipments in extra trade (Chapter 48)"
"49","Books, newspapers, & other prints","4901","Brochures"
"49","Books, newspapers, & other prints","4902","Newspapers"
"49","Books, newspapers, & other prints","4903","Children's Picture Books"
"49","Books, newspapers, & other prints","4904","Sheet Music"
"49","Books, newspapers, & other prints","4905","Maps"
"49","Books, newspapers, & other prints","4906","Architectural Plans"
"49","Books, newspapers, & other prints","4907","Documents of title (bonds etc) and unused stamps"
"49","Books, newspapers, & other prints","4908","Decals"
"49","Books, newspapers, & other prints","4909","Postcards"
"49","Books, newspapers, & other prints","4910","Calendars"
"49","Books, newspapers, & other prints","4911","Other Printed Material"
"49","Books, newspapers, & other prints","4998","Small shipments in extra trade (Chapter 49)"
"50","Silk","5001","Silk-worm Cocoons"
"50","Silk","5002","Raw Silk"
"50","Silk","5003","Silk Waste"
"50","Silk","5004","Non-Retail Silk Yarn"
"50","Silk","5005","Silk Waste Yarn"
"50","Silk","5006","Retail Silk Yarn"
"50","Silk","5007","Silk Fabrics"
"50","Silk","5098","Small shipments in extra trade (Chapter 50)"
"51","Wool & animal hair","5101","Wool"
"51","Wool & animal hair","5102","Animal Hair"
"51","Wool & animal hair","5103","Wool or Animal Hair Waste"
"51","Wool & animal hair","5104","Garnetted Wool or Animal Hair"
"51","Wool & animal hair","5105","Prepared Wool or Animal Hair"
"51","Wool & animal hair","5106","Non-Retail Carded Wool Yarn"
"51","Wool & animal hair","5107","Non-Retail Combed Wool Yarn"
"51","Wool & animal hair","5108","Non-Retail Animal Hair Yarn"
"51","Wool & animal hair","5109","Retail Wool or Animal Hair Yarn"
"51","Wool & animal hair","5110","Horsehair Yarn"
"51","Wool & animal hair","5111","Carded Wool or Animal Hair Fabric"
"51","Wool & animal hair","5112","Combed Wool or Animal Hair Fabric"
"51","Wool & animal hair","5113","Horsehair Fabric"
"51","Wool & animal hair","5198","Small shipments in extra trade (Chapter 51)"
"52","Cotton","5201","Raw Cotton"
"52","Cotton","5202","Cotton Waste"
"52","Cotton","5203","Prepared Cotton"
"52","Cotton","5204","Cotton Sewing Thread"
"52","Cotton","5205","Non-Retail Pure Cotton Yarn"
"52","Cotton","5206","Non-Retail Mixed Cotton Yarn"
"52","Cotton","5207","Retail Cotton Yarn"
"52","Cotton","5208","Light Pure Woven Cotton"
"52","Cotton","5209","Heavy Pure Woven Cotton"
"52","Cotton","5210","Light Mixed Woven Cotton"
"52","Cotton","5211","Heavy Mixed Woven Cotton"
"52","Cotton","5212","Other Cotton Fabrics"
"52","Cotton","5298","Small shipments in extra trade (Chapter 52)"
"53","Vegetable textile fibers, paper yarn & fabrics","5301","Flax Fibers"
"53","Vegetable textile fibers, paper yarn & fabrics","5302","Hemp Fibers"
"53","Vegetable textile fibers, paper yarn & fabrics","5303","Jute and Other Textile Fibers"
"53","Vegetable textile fibers, paper yarn & fabrics","5304","Sisal, Agave, raw, processed, not spun, tow and waste"
"53","Vegetable textile fibers, paper yarn & fabrics","5305","Coconut and Other Vegetable Fibers"
"53","Vegetable textile fibers, paper yarn & fabrics","5306","Flax Yarn"
"53","Vegetable textile fibers, paper yarn & fabrics","5307","Jute Yarn"
"53","Vegetable textile fibers, paper yarn & fabrics","5308","Other Vegetable Fibers Yarn"
"53","Vegetable textile fibers, paper yarn & fabrics","5309","Flax Woven Fabric"
"53","Vegetable textile fibers, paper yarn & fabrics","5310","Jute Woven Fabric"
"53","Vegetable textile fibers, paper yarn & fabrics","5311","Other Vegetable Fibers Fabric"
"53","Vegetable textile fibers, paper yarn & fabrics","5398","Small shipments in extra trade (Chapter 53)"
"54","Man-made filaments","5401","Artificial Filament Sewing Thread"
"54","Man-made filaments","5402","Non-Retail Synthetic Filament Yarn"
"54","Man-made filaments","5403","Non-Retail Artificial Filament Yarn"
"54","Man-made filaments","5404","Synthetic Monofilament"
"54","Man-made filaments","5405","Artificial Monofilament"
"54","Man-made filaments","5406","Retail Artificial Filament Yarn"
"54","Man-made filaments","5407","Synthetic Filament Yarn Woven Fabric"
"54","Man-made filaments","5408","Artificial Filament Yarn Woven Fabric"
"54","Man-made filaments","5498","Small shipments in extra trade (Chapter 54)"
"55","Man-made staple fibres","5501","Synthetic Filament Tow"
"55","Man-made staple fibres","5502","Artificial Filament Tow"
"55","Man-made staple fibres","5503","Unprocessed Synthetic Staple Fibers"
"55","Man-made staple fibres","5504","Unprocessed Artificial Staple Fibers"
"55","Man-made staple fibres","5505","Artificial Fibers Waste"
"55","Man-made staple fibres","5506","Processed Synthetic Staple Fibers"
"55","Man-made staple fibres","5507","Processed Artificial Staple Fibers"
"55","Man-made staple fibres","5508","Non-Retail Artificial Staple Fibers Sewing Thread"
"55","Man-made staple fibres","5509","Non-Retail Synthetic Staple Fibers Yarn"
"55","Man-made staple fibres","5510","Non-Retail Artificial Staple Fibers Yarn"
"55","Man-made staple fibres","5511","Retail Artificial Staple Fibers Yarn"
"55","Man-made staple fibres","5512","Synthetic Fabrics"
"55","Man-made staple fibres","5513","Light Synthetic Cotton Fabrics"
"55","Man-made staple fibres","5514","Heavy Synthetic Cotton Fabrics"
"55","Man-made staple fibres","5515","Other Synthetic Fabrics"
"55","Man-made staple fibres","5516","Woven Fabric of Synthetic Staple Fibers"
"55","Man-made staple fibres","5598","Small shipments in extra trade (Chapter 55)"
"56","Wadding, felt, nonwovens, twin, ropes, & articles thereof","5601","Wadding"
"56","Wadding, felt, nonwovens, twin, ropes, & articles thereof","5602","Felt"
"56","Wadding, felt, nonwovens, twin, ropes, & articles thereof","5603","Non-woven Textiles"
"56","Wadding, felt, nonwovens, twin, ropes, & articles thereof","5604","Rubber Textiles"
"56","Wadding, felt, nonwovens, twin, ropes, & articles thereof","5605","Metallic Yarn"
"56","Wadding, felt, nonwovens, twin, ropes, & articles thereof","5606","Gimp Yarn"
"56","Wadding, felt, nonwovens, twin, ropes, & articles thereof","5607","Twine and Rope"
"56","Wadding, felt, nonwovens, twin, ropes, & articles thereof","5608","Twine, cordage or rope; knotted netting, made up fishing nets and other made up nets, of textile materials"
"56","Wadding, felt, nonwovens, twin, ropes, & articles thereof","5609","Other Articles of Twine and Rope"
"56","Wadding, felt, nonwovens, twin, ropes, & articles thereof","5698","Small shipments in extra trade (Chapter 56)"
"57","Carpets & textile floor covers","5701","Knotted Carpets"
"57","Carpets & textile floor covers","5702","Hand-Woven Rugs"
"57","Carpets & textile floor covers","5703","Tufted Carpets"
"57","Carpets & textile floor covers","5704","Felt Carpets"
"57","Carpets & textile floor covers","5705","Other Carpets"
"57","Carpets & textile floor covers","5798","Small shipments in extra trade (Chapter 57)"
"58","Special woven fabrics and tapestries","5801","Woven Fabrics"
"58","Special woven fabrics and tapestries","5802","Terry Fabric"
"58","Special woven fabrics and tapestries","5803","Gauze"
"58","Special woven fabrics and tapestries","5804","Tulles and Net Fabric"
"58","Special woven fabrics and tapestries","5805","Hand-Woven Tapestries"
"58","Special woven fabrics and tapestries","5806","Narrow Woven Fabric"
"58","Special woven fabrics and tapestries","5807","Labels"
"58","Special woven fabrics and tapestries","5808","Ornamental Trimmings"
"58","Special woven fabrics and tapestries","5809","Metallic Fabric"
"58","Special woven fabrics and tapestries","5810","Embroidery"
"58","Special woven fabrics and tapestries","5811","Quilted Textiles"
"58","Special woven fabrics and tapestries","5898","Small shipments in extra trade (Chapter 58)"
"59","Coated, covered, & laminated fabrics for industrial use","5901","Gum Coated Textile Fabric"
"59","Coated, covered, & laminated fabrics for industrial use","5902","Polyamide Fabric"
"59","Coated, covered, & laminated fabrics for industrial use","5903","Plastic Coated Textile Fabric"
"59","Coated, covered, & laminated fabrics for industrial use","5904","Linoleum"
"59","Coated, covered, & laminated fabrics for industrial use","5905","Textile Wall Coverings"
"59","Coated, covered, & laminated fabrics for industrial use","5906","Rubber Textile Fabric"
"59","Coated, covered, & laminated fabrics for industrial use","5907","Coated Textile Fabric"
"59","Coated, covered, & laminated fabrics for industrial use","5908","Textile Wicks"
"59","Coated, covered, & laminated fabrics for industrial use","5909","Hose Piping Textiles"
"59","Coated, covered, & laminated fabrics for industrial use","5910","Conveyor Belt Textiles"
"59","Coated, covered, & laminated fabrics for industrial use","5911","Textiles for technical uses"
"59","Coated, covered, & laminated fabrics for industrial use","5998","Small shipments in extra trade (Chapter 59)"
"60","Knitted fabrics","6001","Pile Fabric"
"60","Knitted fabrics","6002","Light Rubberized Knitted Fabric"
"60","Knitted fabrics","6003","Knitted or crocheted fabrics of a width not exceeding 30 cm"
"60","Knitted fabrics","6004","Knitted or crocheted fabrics of a width exceeding 30 cm"
"60","Knitted fabrics","6005","Warp knit fabrics (including those made on galloon knitting machines)"
"60","Knitted fabrics","6006","Other knitted or crocheted fabrics."
"60","Knitted fabrics","6098","Small shipments in extra trade (Chapter 60)"
"61","Knitted clothing accesories","6101","Knit Men's Coats"
"61","Knitted clothing accesories","6102","Knit Women's Coats"
"61","Knitted clothing accesories","6103","Knit Men's Suits"
"61","Knitted clothing accesories","6104","Knit Women's Suits"
"61","Knitted clothing accesories","6105","Knit Men's Shirts"
"61","Knitted clothing accesories","6106","Knit Women's Shirts"
"61","Knitted clothing accesories","6107","Knit Men's Undergarments"
"61","Knitted clothing accesories","6108","Knit Women's Undergarments"
"61","Knitted clothing accesories","6109","Knit T-shirts"
"61","Knitted clothing accesories","6110","Knit Sweaters"
"61","Knitted clothing accesories","6111","Knit Babies' Garments"
"61","Knitted clothing accesories","6112","Knit Active Wear"
"61","Knitted clothing accesories","6113","Garments of Impregnated Fabric"
"61","Knitted clothing accesories","6114","Other Knit Garments"
"61","Knitted clothing accesories","6115","Knit Socks and Hosiery"
"61","Knitted clothing accesories","6116","Knit Gloves"
"61","Knitted clothing accesories","6117","Other Knit Clothing Accessories"
"61","Knitted clothing accesories","6198","Small shipments in extra trade (Chapter 61)"
"62","Non-knitted clothing accesories","6201","Non-Knit Men's Coats"
"62","Non-knitted clothing accesories","6202","Non-Knit Women's Coats"
"62","Non-knitted clothing accesories","6203","Non-Knit Men's Suits"
"62","Non-knitted clothing accesories","6204","Non-Knit Women's Suits"
"62","Non-knitted clothing accesories","6205","Non-Knit Men's Shirts"
"62","Non-knitted clothing accesories","6206","Non-Knit Women's Shirts"
"62","Non-knitted clothing accesories","6207","Non-Knit Men's Undergarments"
"62","Non-knitted clothing accesories","6208","Non-Knit Women's Undergarments"
"62","Non-knitted clothing accesories","6209","Non-Knit Babies' Garments"
"62","Non-knitted clothing accesories","6210","Felt or Coated Fabric Garments"
"62","Non-knitted clothing accesories","6211","Non-Knit Active Wear"
"62","Non-knitted clothing accesories","6212","Other Women's Undergarments"
"62","Non-knitted clothing accesories","6213","Handkerchiefs"
"62","Non-knitted clothing accesories","6214","Scarves"
"62","Non-knitted clothing accesories","6215","Neck Ties"
"62","Non-knitted clothing accesories","6216","Non-Knit Gloves"
"62","Non-knitted clothing accesories","6217","Other Non-Knit Clothing Accessories"
"62","Non-knitted clothing accesories","6298","Small shipments in extra trade (Chapter 62)"
"63","Used clothes & textile articles","6301","Blankets"
"63","Used clothes & textile articles","6302","House Linens"
"63","Used clothes & textile articles","6303","Window Dressings"
"63","Used clothes & textile articles","6304","Bedspreads"
"63","Used clothes & textile articles","6305","Packing Bags"
"63","Used clothes & textile articles","6306","Awnings, Tents, and Sails"
"63","Used clothes & textile articles","6307","Other Cloth Articles"
"63","Used clothes & textile articles","6308","Packaged Sewing Sets"
"63","Used clothes & textile articles","6309","Used Clothing"
"63","Used clothes & textile articles","6310","Textile Scraps"
"63","Used clothes & textile articles","6398","Small shipments in extra trade (Chapter 63)"
"64","Footwear","6401","Waterproof Footwear"
"64","Footwear","6402","Rubber Footwear"
"64","Footwear","6403","Leather Footwear"
"64","Footwear","6404","Textile Footwear"
"64","Footwear","6405","Other Footwear"
"64","Footwear","6406","Footwear Parts"
"64","Footwear","6498","Small shipments in extra trade (Chapter 64)"
"65","Headgear","6501","Hat Forms"
"65","Headgear","6502","Hat Shapes"
"65","Headgear","6503","Felt Hats"
"65","Headgear","6504","Hats"
"65","Headgear","6505","Knitted Hats"
"65","Headgear","6506","Other Headwear"
"65","Headgear","6507","Headbands and Linings"
"65","Headgear","6598","Small shipments in extra trade (Chapter 65)"
"66","Umbrellas, walking sticks, & whips","6601","Umbrellas"
"66","Umbrellas, walking sticks, & whips","6602","Walking Sticks"
"66","Umbrellas, walking sticks, & whips","6603","Umbrella and Walking Stick Accessories"
"66","Umbrellas, walking sticks, & whips","6698","Small shipments in extra trade (Chapter 66)"
"67","Feather articles, feathers, artificial flowers, & articles of human hair","6701","Bird Skins and Feathers"
"67","Feather articles, feathers, artificial flowers, & articles of human hair","6702","Artificial Vegetation"
"67","Feather articles, feathers, artificial flowers, & articles of human hair","6703","Processed Hair"
"67","Feather articles, feathers, artificial flowers, & articles of human hair","6704","Fake Hair"
"67","Feather articles, feathers, artificial flowers, & articles of human hair","6798","Small shipments in extra trade (Chapter 67)"
"68","Stone, plaster, cement, asbestos, mica.","6801","Curbstones"
"68","Stone, plaster, cement, asbestos, mica.","6802","Building Stone"
"68","Stone, plaster, cement, asbestos, mica.","6803","Worked Slate"
"68","Stone, plaster, cement, asbestos, mica.","6804","Milling Stones"
"68","Stone, plaster, cement, asbestos, mica.","6805","Abrasive Powder"
"68","Stone, plaster, cement, asbestos, mica.","6806","Rock Wool"
"68","Stone, plaster, cement, asbestos, mica.","6807","Asphalt"
"68","Stone, plaster, cement, asbestos, mica.","6808","Vegetable Fiber"
"68","Stone, plaster, cement, asbestos, mica.","6809","Plaster Articles"
"68","Stone, plaster, cement, asbestos, mica.","6810","Cement Articles"
"68","Stone, plaster, cement, asbestos, mica.","6811","Asbestos Cement Articles"
"68","Stone, plaster, cement, asbestos, mica.","6812","Asbestos Fibres"
"68","Stone, plaster, cement, asbestos, mica.","6813","Friction Material"
"68","Stone, plaster, cement, asbestos, mica.","6814","Processed Mica"
"68","Stone, plaster, cement, asbestos, mica.","6815","Other Stone Articles"
"68","Stone, plaster, cement, asbestos, mica.","6898","Small shipments in extra trade (Chapter 68)"
"69","Ceramic products","6901","Bricks"
"69","Ceramic products","6902","Refractory Bricks"
"69","Ceramic products","6903","Refractory Ceramics"
"69","Ceramic products","6904","Ceramic Bricks"
"69","Ceramic products","6905","Roofing Tiles"
"69","Ceramic products","6906","Ceramic Pipes"
"69","Ceramic products","6907","Unglazed Ceramics"
"69","Ceramic products","6908","Glazed Ceramics"
"69","Ceramic products","6909","Laboratory Ceramic Ware"
"69","Ceramic products","6910","Bathroom Ceramics"
"69","Ceramic products","6911","Porcelain Tableware"
"69","Ceramic products","6912","Ceramic Tableware"
"69","Ceramic products","6913","Ornamental Ceramics"
"69","Ceramic products","6914","Other Ceramic Articles"
"69","Ceramic products","6998","Small shipments in extra trade (Chapter 69)"
"70","Glass & glassware","7001","Glass Scraps"
"70","Glass & glassware","7002","Glass Balls"
"70","Glass & glassware","7003","Cast or Rolled Glass"
"70","Glass & glassware","7004","Blown Glass"
"70","Glass & glassware","7005","Float Glass"
"70","Glass & glassware","7006","Glass with Edge Workings"
"70","Glass & glassware","7007","Safety Glass"
"70","Glass & glassware","7008","Insulating Glass"
"70","Glass & glassware","7009","Glass Mirrors"
"70","Glass & glassware","7010","Glass Bottles"
"70","Glass & glassware","7011","Glass Bulbs"
"70","Glass & glassware","7012","Vacuum Flasks Glass Inners"
"70","Glass & glassware","7013","Interior Decorative Glassware"
"70","Glass & glassware","7014","Signaling Glassware"
"70","Glass & glassware","7015","Eyewear and Clock Glass"
"70","Glass & glassware","7016","Glass Bricks"
"70","Glass & glassware","7017","Laboratory Glassware"
"70","Glass & glassware","7018","Glass Beads"
"70","Glass & glassware","7019","Glass Fibers"
"70","Glass & glassware","7020","Other Glass Articles"
"70","Glass & glassware","7098","Small shipments in extra trade (Chapter 70)"
"71","Precious stones, metals, & pearls","7101","Pearls"
"71","Precious stones, metals, & pearls","7102","Diamonds"
"71","Precious stones, metals, & pearls","7103","Precious Stones"
"71","Precious stones, metals, & pearls","7104","Synthetic Reconstructed Jewellery Stones"
"71","Precious stones, metals, & pearls","7105","Precious Stone Dust"
"71","Precious stones, metals, & pearls","7106","Silver"
"71","Precious stones, metals, & pearls","7107","Silver Clad Metals"
"71","Precious stones, metals, & pearls","7108","Gold"
"71","Precious stones, metals, & pearls","7109","Gold Clad Metals"
"71","Precious stones, metals, & pearls","7110","Platinum"
"71","Precious stones, metals, & pearls","7111","Platinum Clad Metals"
"71","Precious stones, metals, & pearls","7112","Precious Metal Scraps"
"71","Precious stones, metals, & pearls","7113","Jewellery"
"71","Precious stones, metals, & pearls","7114","Metal-Clad Products"
"71","Precious stones, metals, & pearls","7115","Other Precious Metal Products"
"71","Precious stones, metals, & pearls","7116","Pearl Products"
"71","Precious stones, metals, & pearls","7117","Imitation Jewellery"
"71","Precious stones, metals, & pearls","7118","Coin"
"71","Precious stones, metals, & pearls","7198","Small shipments in extra trade (Chapter 71)"
"72","Iron & steel","7201","Pig Iron"
"72","Iron & steel","7202","Ferroalloys"
"72","Iron & steel","7203","Iron Reductions"
"72","Iron & steel","7204","Scrap Iron"
"72","Iron & steel","7205","Iron Powder"
"72","Iron & steel","7206","Iron Ingots"
"72","Iron & steel","7207","Semi-Finished Iron"
"72","Iron & steel","7208","Hot-Rolled Iron"
"72","Iron & steel","7209","Cold-Rolled Iron"
"72","Iron & steel","7210","Coated Flat-Rolled Iron"
"72","Iron & steel","7211","Large Flat-Rolled Iron"
"72","Iron & steel","7212","Large Coated Flat-Rolled Iron"
"72","Iron & steel","7213","Hot-Rolled Iron Bars"
"72","Iron & steel","7214","Raw Iron Bars"
"72","Iron & steel","7215","Other Iron Bars"
"72","Iron & steel","7216","Iron Blocks"
"72","Iron & steel","7217","Iron Wire"
"72","Iron & steel","7218","Stainless Steel Ingots"
"72","Iron & steel","7219","Large Flat-Rolled Stainless Steel"
"72","Iron & steel","7220","Flat-Rolled Stainless Steel"
"72","Iron & steel","7221","Hot-Rolled Stainless Steel Bars"
"72","Iron & steel","7222","Other Stainless Steel Bars"
"72","Iron & steel","7223","Stainless Steel Wire"
"72","Iron & steel","7224","Steel Ingots"
"72","Iron & steel","7225","Flat Flat-Rolled Steel"
"72","Iron & steel","7226","Flat-Rolled Iron"
"72","Iron & steel","7227","Steel Bars"
"72","Iron & steel","7228","Other Steel Bars"
"72","Iron & steel","7229","Steel Wire"
"72","Iron & steel","7298","Small shipments in extra trade (Chapter 72)"
"73","Iron/Steel Articles","7301","Iron Sheet Piling"
"73","Iron/Steel Articles","7302","Iron Railway Products"
"73","Iron/Steel Articles","7303","Cast Iron Pipes"
"73","Iron/Steel Articles","7304","Iron Pipes"
"73","Iron/Steel Articles","7305","Other Large Iron Pipes"
"73","Iron/Steel Articles","7306","Other Small Iron Pipes"
"73","Iron/Steel Articles","7307","Iron Pipe Fittings"
"73","Iron/Steel Articles","7308","Iron Structures"
"73","Iron/Steel Articles","7309","Large Iron Containers"
"73","Iron/Steel Articles","7310","Small Iron Containers"
"73","Iron/Steel Articles","7311","Iron Gas Containers"
"73","Iron/Steel Articles","7312","Stranded Iron Wire"
"73","Iron/Steel Articles","7313","Barbed Wire"
"73","Iron/Steel Articles","7314","Iron Cloth"
"73","Iron/Steel Articles","7315","Iron Chains"
"73","Iron/Steel Articles","7316","Iron Anchors"
"73","Iron/Steel Articles","7317","Iron Nails"
"73","Iron/Steel Articles","7318","Iron Fasteners"
"73","Iron/Steel Articles","7319","Iron Sewing Needles"
"73","Iron/Steel Articles","7320","Iron Springs"
"73","Iron/Steel Articles","7321","Iron Stovetops"
"73","Iron/Steel Articles","7322","Iron Radiators"
"73","Iron/Steel Articles","7323","Iron Housewares"
"73","Iron/Steel Articles","7324","Iron Toiletry"
"73","Iron/Steel Articles","7325","Other Cast Iron Products"
"73","Iron/Steel Articles","7326","Other Iron Products"
"73","Iron/Steel Articles","7398","Small shipments in extra trade (Chapter 73)"
"74","Copper articles","7401","Precipitated Copper"
"74","Copper articles","7402","Raw Copper"
"74","Copper articles","7403","Refined Copper"
"74","Copper articles","7404","Scrap Copper"
"74","Copper articles","7405","Copper Alloys"
"74","Copper articles","7406","Copper Powder"
"74","Copper articles","7407","Copper Bars"
"74","Copper articles","7408","Copper Wire"
"74","Copper articles","7409","Copper Plating"
"74","Copper articles","7410","Copper Foil"
"74","Copper articles","7411","Copper Pipes"
"74","Copper articles","7412","Copper Pipe Fittings"
"74","Copper articles","7413","Stranded Copper Wire"
"74","Copper articles","7414","Endless Copper Wire Bands"
"74","Copper articles","7415","Copper Fasteners"
"74","Copper articles","7416","Copper Springs"
"74","Copper articles","7417","Copper Stovetops"
"74","Copper articles","7418","Copper Housewares"
"74","Copper articles","7419","Other Copper Products"
"74","Copper articles","7498","Small shipments in extra trade (Chapter 74)"
"75","Nickel articles","7501","Nickel Mattes"
"75","Nickel articles","7502","Raw Nickel"
"75","Nickel articles","7503","Scrap Nickel"
"75","Nickel articles","7504","Nickel Powder"
"75","Nickel articles","7505","Nickel Bars"
"75","Nickel articles","7506","Nickel Sheets"
"75","Nickel articles","7507","Nickel Pipes"
"75","Nickel articles","7508","Other Nickel Products"
"75","Nickel articles","7598","Small shipments in extra trade (Chapter 75)"
"76","Aluminum articles","7601","Raw Aluminium"
"76","Aluminum articles","7602","Scrap Aluminium"
"76","Aluminum articles","7603","Aluminium Powder"
"76","Aluminum articles","7604","Aluminium Bars"
"76","Aluminum articles","7605","Aluminium Wire"
"76","Aluminum articles","7606","Aluminium Plating"
"76","Aluminum articles","7607","Aluminium Foil"
"76","Aluminum articles","7608","Aluminium Pipes"
"76","Aluminum articles","7609","Aluminium Pipe Fittings"
"76","Aluminum articles","7610","Aluminium Structures"
"76","Aluminum articles","7611","Large Aluminium Containers"
"76","Aluminum articles","7612","Aluminium Cans"
"76","Aluminum articles","7613","Aluminium Gas Containers"
"76","Aluminum articles","7614","Stranded Aluminium Wire"
"76","Aluminum articles","7615","Aluminium Housewares"
"76","Aluminum articles","7616","Other Aluminium Products"
"76","Aluminum articles","7698","Small shipments in extra trade (Chapter 76)"
"78","Lead articles","7801","Raw Lead"
"78","Lead articles","7802","Scrap Lead"
"78","Lead articles","7803","Lead Bars"
"78","Lead articles","7804","Lead Sheets"
"78","Lead articles","7805","Lead Pipes"
"78","Lead articles","7806","Other Lead Products"
"78","Lead articles","7898","Small shipments in extra trade (Chapter 78)"
"79","Zinc articles","7901","Raw Zinc"
"79","Zinc articles","7902","Scrap Waste"
"79","Zinc articles","7903","Zinc Powder"
"79","Zinc articles","7904","Zinc Bars"
"79","Zinc articles","7905","Zinc Sheets"
"79","Zinc articles","7906","Zinc Pipes"
"79","Zinc articles","7907","Other Zinc Products"
"79","Zinc articles","7998","Small shipments in extra trade (Chapter 79)"
"80","Tin articles","8001","Raw Tin"
"80","Tin articles","8002","Scrap Tin"
"80","Tin articles","8003","Tin Bars"
"80","Tin articles","8004","Tin Plating"
"80","Tin articles","8005","Tin Foil"
"80","Tin articles","8006","Tin pipes or tubes and pipe fittings"
"80","Tin articles","8007","Other Tin Products"
"80","Tin articles","8098","Small shipments in extra trade (Chapter 80)"
"81","Cermet articles","8101","Tungsten"
"81","Cermet articles","8102","Molybdenum"
"81","Cermet articles","8103","Tantalum"
"81","Cermet articles","8104","Magnesium"
"81","Cermet articles","8105","Cobalt"
"81","Cermet articles","8106","Bismuth"
"81","Cermet articles","8107","Cadmium"
"81","Cermet articles","8108","Titanium"
"81","Cermet articles","8109","Zirconium"
"81","Cermet articles","8110","Antimony"
"81","Cermet articles","8111","Manganese"
"81","Cermet articles","8112","Other Metals"
"81","Cermet articles","8113","Cermets"
"81","Cermet articles","8198","Small shipments in extra trade (Chapter 81)"
"82","Tools & cutlery","8201","Garden Tools"
"82","Tools & cutlery","8202","Hand Saws"
"82","Tools & cutlery","8203","Hand Tools"
"82","Tools & cutlery","8204","Wrenches"
"82","Tools & cutlery","8205","Other Hand Tools"
"82","Tools & cutlery","8206","Tool Sets"
"82","Tools & cutlery","8207","Interchangeable Tool Parts"
"82","Tools & cutlery","8208","Cutting Blades"
"82","Tools & cutlery","8209","Tool Plates"
"82","Tools & cutlery","8210","Cooking Hand Tools"
"82","Tools & cutlery","8211","Knives"
"82","Tools & cutlery","8212","Razor Blades"
"82","Tools & cutlery","8213","Scissors"
"82","Tools & cutlery","8214","Other Cutlery"
"82","Tools & cutlery","8215","Cutlery Sets"
"82","Tools & cutlery","8298","Small shipments in extra trade (Chapter 82)"
"83","Miscellaneous metal products","8301","Padlocks"
"83","Miscellaneous metal products","8302","Metal Mountings"
"83","Miscellaneous metal products","8303","Safes"
"83","Miscellaneous metal products","8304","Filing Cabinets"
"83","Miscellaneous metal products","8305","Metal Office Supplies"
"83","Miscellaneous metal products","8306","Bells and Other Metal Ornaments"
"83","Miscellaneous metal products","8307","Flexible Metal Tubing"
"83","Miscellaneous metal products","8308","Other Metal Fasteners"
"83","Miscellaneous metal products","8309","Metal Stoppers"
"83","Miscellaneous metal products","8310","Metal Signs"
"83","Miscellaneous metal products","8311","Coated Metal Soldering Products"
"83","Miscellaneous metal products","8398","Small shipments in extra trade (Chapter 83)"
"84","Machinery, mechanical appliances, & parts","8401","Nuclear Reactors"
"84","Machinery, mechanical appliances, & parts","8402","Steam Boilers"
"84","Machinery, mechanical appliances, & parts","8403","Central Heating Boilers"
"84","Machinery, mechanical appliances, & parts","8404","Boiler Plants"
"84","Machinery, mechanical appliances, & parts","8405","Water and Gas Generators"
"84","Machinery, mechanical appliances, & parts","8406","Steam Turbines"
"84","Machinery, mechanical appliances, & parts","8407","Spark-Ignition Engines"
"84","Machinery, mechanical appliances, & parts","8408","Combustion Engines"
"84","Machinery, mechanical appliances, & parts","8409","Engine Parts"
"84","Machinery, mechanical appliances, & parts","8410","Hydraulic Turbines"
"84","Machinery, mechanical appliances, & parts","8411","Gas Turbines"
"84","Machinery, mechanical appliances, & parts","8412","Other Engines"
"84","Machinery, mechanical appliances, & parts","8413","Liquid Pumps"
"84","Machinery, mechanical appliances, & parts","8414","Air Pumps"
"84","Machinery, mechanical appliances, & parts","8415","Air Conditioners"
"84","Machinery, mechanical appliances, & parts","8416","Liquid Fuel Furnaces"
"84","Machinery, mechanical appliances, & parts","8417","Industrial Furnaces"
"84","Machinery, mechanical appliances, & parts","8418","Refrigerators"
"84","Machinery, mechanical appliances, & parts","8419","Other Heating Machinery"
"84","Machinery, mechanical appliances, & parts","8420","Rolling Machines"
"84","Machinery, mechanical appliances, & parts","8421","Centrifuges"
"84","Machinery, mechanical appliances, & parts","8422","Washing and Bottling Machines"
"84","Machinery, mechanical appliances, & parts","8423","Scales"
"84","Machinery, mechanical appliances, & parts","8424","Liquid Dispersing Machines"
"84","Machinery, mechanical appliances, & parts","8425","Pulley Systems"
"84","Machinery, mechanical appliances, & parts","8426","Cranes"
"84","Machinery, mechanical appliances, & parts","8427","Fork-Lifts"
"84","Machinery, mechanical appliances, & parts","8428","Lifting Machinery"
"84","Machinery, mechanical appliances, & parts","8429","Large Construction Vehicles"
"84","Machinery, mechanical appliances, & parts","8430","Other Construction Vehicles"
"84","Machinery, mechanical appliances, & parts","8431","Excavation Machinery"
"84","Machinery, mechanical appliances, & parts","8432","Soil Preparation Machinery"
"84","Machinery, mechanical appliances, & parts","8433","Harvesting Machinery"
"84","Machinery, mechanical appliances, & parts","8434","Dairy Machinery"
"84","Machinery, mechanical appliances, & parts","8435","Fruit Pressing Machinery"
"84","Machinery, mechanical appliances, & parts","8436","Other Agricultural Machinery"
"84","Machinery, mechanical appliances, & parts","8437","Mill Machinery"
"84","Machinery, mechanical appliances, & parts","8438","Industrial Food Preperation Machinery"
"84","Machinery, mechanical appliances, & parts","8439","Papermaking Machines"
"84","Machinery, mechanical appliances, & parts","8440","Book-binding Machines"
"84","Machinery, mechanical appliances, & parts","8441","Other Paper Machinery"
"84","Machinery, mechanical appliances, & parts","8442","Print Production Machinery"
"84","Machinery, mechanical appliances, & parts","8443","Industrial Printers"
"84","Machinery, mechanical appliances, & parts","8444","Artificial Textile Machinery"
"84","Machinery, mechanical appliances, & parts","8445","Textile Fiber Machinery"
"84","Machinery, mechanical appliances, & parts","8446","Looms"
"84","Machinery, mechanical appliances, & parts","8447","Knitting Machines"
"84","Machinery, mechanical appliances, & parts","8448","Knitting Machine Accessories"
"84","Machinery, mechanical appliances, & parts","8449","Felt Machinery"
"84","Machinery, mechanical appliances, & parts","8450","Household Washing Machines"
"84","Machinery, mechanical appliances, & parts","8451","Textile Processing Machines"
"84","Machinery, mechanical appliances, & parts","8452","Sewing Machines"
"84","Machinery, mechanical appliances, & parts","8453","Leather Machinery"
"84","Machinery, mechanical appliances, & parts","8454","Casting Machines"
"84","Machinery, mechanical appliances, & parts","8455","Metal-Rolling Mills"
"84","Machinery, mechanical appliances, & parts","8456","Non-Mechanical Removal Machinery"
"84","Machinery, mechanical appliances, & parts","8457","Metalworking Transfer Machines"
"84","Machinery, mechanical appliances, & parts","8458","Metal Lathes"
"84","Machinery, mechanical appliances, & parts","8459","Drilling Machines"
"84","Machinery, mechanical appliances, & parts","8460","Metal Finishing Machines"
"84","Machinery, mechanical appliances, & parts","8461","Metalworking Machines"
"84","Machinery, mechanical appliances, & parts","8462","Forging Machines"
"84","Machinery, mechanical appliances, & parts","8463","Other Non-Metal Removal Machinery"
"84","Machinery, mechanical appliances, & parts","8464","Stone Working Machines"
"84","Machinery, mechanical appliances, & parts","8465","Woodworking machines"
"84","Machinery, mechanical appliances, & parts","8466","Metalworking Machine Parts"
"84","Machinery, mechanical appliances, & parts","8467","Motor-working Tools"
"84","Machinery, mechanical appliances, & parts","8468","Soldering and Welding Machinery"
"84","Machinery, mechanical appliances, & parts","8469","Typewriters"
"84","Machinery, mechanical appliances, & parts","8470","Calculators"
"84","Machinery, mechanical appliances, & parts","8471","Computers"
"84","Machinery, mechanical appliances, & parts","8472","Other Office Machines"
"84","Machinery, mechanical appliances, & parts","8473","Office Machine Parts"
"84","Machinery, mechanical appliances, & parts","8474","Stone Processing Machines"
"84","Machinery, mechanical appliances, & parts","8475","Glass Working Machines"
"84","Machinery, mechanical appliances, & parts","8476","Vending Machines"
"84","Machinery, mechanical appliances, & parts","8477","Rubberworking Machinery"
"84","Machinery, mechanical appliances, & parts","8478","Tobacco Processing Machines"
"84","Machinery, mechanical appliances, & parts","8479","Machinery Having Individual Functions"
"84","Machinery, mechanical appliances, & parts","8480","Metal Molds"
"84","Machinery, mechanical appliances, & parts","8481","Valves"
"84","Machinery, mechanical appliances, & parts","8482","Ball Bearings"
"84","Machinery, mechanical appliances, & parts","8483","Transmissions"
"84","Machinery, mechanical appliances, & parts","8484","Gaskets"
"84","Machinery, mechanical appliances, & parts","8485","Boat Propellers"
"84","Machinery, mechanical appliances, & parts","8486","Machines and apparatus of a kind used solely or principally for the manufacture of semiconductor boules or wafers, semiconductor devices, electronic integrated circuits or flat panel displays"
"84","Machinery, mechanical appliances, & parts","8487","Machinery parts, not containing electrical connectors, insulators, coils, contacts or other electrical features, not specified or included elsewhere in this Chapter."
"84","Machinery, mechanical appliances, & parts","8498","Small shipments in extra trade (Chapter 84)"
"85","Electrical machinery and electronics","8501","Electric Motors"
"85","Electrical machinery and electronics","8502","Electric Generating Sets"
"85","Electrical machinery and electronics","8503","Electric Motor Parts"
"85","Electrical machinery and electronics","8504","Electrical Transformers"
"85","Electrical machinery and electronics","8505","Electromagnets"
"85","Electrical machinery and electronics","8506","Batteries"
"85","Electrical machinery and electronics","8507","Electric Batteries"
"85","Electrical machinery and electronics","8508","Vacuum Cleaners"
"85","Electrical machinery and electronics","8509","Other Domestic Electric Housewares"
"85","Electrical machinery and electronics","8510","Hair Trimmers"
"85","Electrical machinery and electronics","8511","Electrical Ignitions"
"85","Electrical machinery and electronics","8512","Electrical Lighting and Signalling Equipment"
"85","Electrical machinery and electronics","8513","Portable Lighting"
"85","Electrical machinery and electronics","8514","Electric Furnaces"
"85","Electrical machinery and electronics","8515","Electric Soldering Equipment"
"85","Electrical machinery and electronics","8516","Electric Heaters"
"85","Electrical machinery and electronics","8517","Telephones"
"85","Electrical machinery and electronics","8518","Microphones and Headphones"
"85","Electrical machinery and electronics","8519","Sound Recording Equipment"
"85","Electrical machinery and electronics","8520","Dictation Machines"
"85","Electrical machinery and electronics","8521","Video Recording Equipment"
"85","Electrical machinery and electronics","8522","Audio and Video Recording Accessories"
"85","Electrical machinery and electronics","8523","Blank Audio Media"
"85","Electrical machinery and electronics","8524","Sound Recordings"
"85","Electrical machinery and electronics","8525","Broadcasting Equipment"
"85","Electrical machinery and electronics","8526","Navigation Equipment"
"85","Electrical machinery and electronics","8527","Radio Receivers"
"85","Electrical machinery and electronics","8528","Video Displays"
"85","Electrical machinery and electronics","8529","Broadcasting Accessories"
"85","Electrical machinery and electronics","8530","Traffic Signals"
"85","Electrical machinery and electronics","8531","Audio Alarms"
"85","Electrical machinery and electronics","8532","Electrical Capacitors"
"85","Electrical machinery and electronics","8533","Electrical Resistors"
"85","Electrical machinery and electronics","8534","Printed Circuit Boards"
"85","Electrical machinery and electronics","8535","High-voltage Protection Equipment"
"85","Electrical machinery and electronics","8536","Low-voltage Protection Equipment"
"85","Electrical machinery and electronics","8537","Electrical Control Boards"
"85","Electrical machinery and electronics","8538","Electrical Power Accessories"
"85","Electrical machinery and electronics","8539","Electric Filament"
"85","Electrical machinery and electronics","8540","Cathode Tubes"
"85","Electrical machinery and electronics","8541","Semiconductor Devices"
"85","Electrical machinery and electronics","8542","Integrated Circuits"
"85","Electrical machinery and electronics","8543","Other Electrical Machinery"
"85","Electrical machinery and electronics","8544","Insulated Wire"
"85","Electrical machinery and electronics","8545","Carbon-based Electronics"
"85","Electrical machinery and electronics","8546","Electrical Insulators"
"85","Electrical machinery and electronics","8547","Metal Insulating Fittings"
"85","Electrical machinery and electronics","8548","Electrical Parts"
"85","Electrical machinery and electronics","8549","E-waste and scrap"
"85","Electrical machinery and electronics","8598","Small shipments in extra trade (Chapter 85)"
"86","Railway and trams","8601","Electric Locomotives"
"86","Railway and trams","8602","Other Locomotives"
"86","Railway and trams","8603","Self-Propelled Rail Transport"
"86","Railway and trams","8604","Railway Maintenance Vehicles"
"86","Railway and trams","8605","Railway Passenger Cars"
"86","Railway and trams","8606","Railway Freight Cars"
"86","Railway and trams","8607","Locomotive Parts"
"86","Railway and trams","8608","Railway Track Fixtures"
"86","Railway and trams","8609","Railway Cargo Containers"
"86","Railway and trams","8698","Small shipments in extra trade (Chapter 86)"
"87","Cars, tractors, trucks & parts thereof.","8701","Tractors"
"87","Cars, tractors, trucks & parts thereof.","8702","Buses"
"87","Cars, tractors, trucks & parts thereof.","8703","Cars"
"87","Cars, tractors, trucks & parts thereof.","8704","Delivery Trucks"
"87","Cars, tractors, trucks & parts thereof.","8705","Special purpose motor vehicles"
"87","Cars, tractors, trucks & parts thereof.","8706","Motor vehicle (8701 to 8705) chassis fitted with engine"
"87","Cars, tractors, trucks & parts thereof.","8707","Vehicle Bodies (including cabs) for the motor vehicles (8701 to 8705)"
"87","Cars, tractors, trucks & parts thereof.","8708","Motor vehicles; parts and accessories (8701 to 8705)"
"87","Cars, tractors, trucks & parts thereof.","8709","Work Trucks"
"87","Cars, tractors, trucks & parts thereof.","8710","Tanks and Armored vehicles"
"87","Cars, tractors, trucks & parts thereof.","8711","Motorcycles and cycles"
"87","Cars, tractors, trucks & parts thereof.","8712","Bicycles, delivery tricycles, other cycles"
"87","Cars, tractors, trucks & parts thereof.","8713","Wheelchairs"
"87","Cars, tractors, trucks & parts thereof.","8714","Bi-Wheel Vehicle Parts"
"87","Cars, tractors, trucks & parts thereof.","8715","Baby Carriages"
"87","Cars, tractors, trucks & parts thereof.","8716","Trailers and semi-trailers, not mechanically propelled vehicles"
"87","Cars, tractors, trucks & parts thereof.","8798","Small shipments in extra trade (Chapter 87)"
"88","Aircraft and Spacecraft","8801","Non-powered Aircraft"
"88","Aircraft and Spacecraft","8802","Planes, Helicopters, and/or Spacecraft"
"88","Aircraft and Spacecraft","8803","Aircraft parts (gliders, balloons, and powered aircraft)"
"88","Aircraft and Spacecraft","8804","Parachutes"
"88","Aircraft and Spacecraft","8805","Aircraft Launch Gear"
"88","Aircraft and Spacecraft","8806","Drones"
"88","Aircraft and Spacecraft","8807","Aircraft parts for spacecraft, UAVs, and ground equipment"
"88","Aircraft and Spacecraft","8898","Small shipments in extra trade (Chapter 88)"
"89","Ships, boats, & floating structures","8901","Passenger and Cargo Ships"
"89","Ships, boats, & floating structures","8902","Fishing Ships"
"89","Ships, boats, & floating structures","8903","Recreational Boats"
"89","Ships, boats, & floating structures","8904","Tug Boats"
"89","Ships, boats, & floating structures","8905","Special Purpose Ships"
"89","Ships, boats, & floating structures","8906","Other Sea Vessels"
"89","Ships, boats, & floating structures","8907","Other Floating Structures"
"89","Ships, boats, & floating structures","8908","Scrap Vessels"
"89","Ships, boats, & floating structures","8998","Small shipments in extra trade (Chapter 89)"
"90","Optical, photo, & film equipment; medical instruments","9001","Optical Fibers and optical fibre bundles"
"90","Optical, photo, & film equipment; medical instruments","9002","Mirrors and Lenses"
"90","Optical, photo, & film equipment; medical instruments","9003","Eyewear Frames"
"90","Optical, photo, & film equipment; medical instruments","9004","Eyewear"
"90","Optical, photo, & film equipment; medical instruments","9005","Binoculars and Telescopes"
"90","Optical, photo, & film equipment; medical instruments","9006","Cameras"
"90","Optical, photo, & film equipment; medical instruments","9007","Video Cameras"
"90","Optical, photo, & film equipment; medical instruments","9008","Image Projectors"
"90","Optical, photo, & film equipment; medical instruments","9009","Photocopiers"
"90","Optical, photo, & film equipment; medical instruments","9010","Photo Lab Equipment"
"90","Optical, photo, & film equipment; medical instruments","9011","Microscopes"
"90","Optical, photo, & film equipment; medical instruments","9012","Non-optical Microscopes"
"90","Optical, photo, & film equipment; medical instruments","9013","LCDs"
"90","Optical, photo, & film equipment; medical instruments","9014","Compasses"
"90","Optical, photo, & film equipment; medical instruments","9015","Surveying Equipment"
"90","Optical, photo, & film equipment; medical instruments","9016","Balances"
"90","Optical, photo, & film equipment; medical instruments","9017","Drafting Tools"
"90","Optical, photo, & film equipment; medical instruments","9018","Medical Instruments"
"90","Optical, photo, & film equipment; medical instruments","9019","Therapeutic Appliances"
"90","Optical, photo, & film equipment; medical instruments","9020","Breathing Appliances"
"90","Optical, photo, & film equipment; medical instruments","9021","Orthopedic Appliances"
"90","Optical, photo, & film equipment; medical instruments","9022","X-Ray Equipment"
"90","Optical, photo, & film equipment; medical instruments","9023","Instructional Models"
"90","Optical, photo, & film equipment; medical instruments","9024","Tensile Testing Machines"
"90","Optical, photo, & film equipment; medical instruments","9025","Hydrometers"
"90","Optical, photo, & film equipment; medical instruments","9026","Gas and Liquid Flow Measuring Instruments"
"90","Optical, photo, & film equipment; medical instruments","9027","Chemical Analysis Instruments"
"90","Optical, photo, & film equipment; medical instruments","9028","Utility Meters"
"90","Optical, photo, & film equipment; medical instruments","9029","Revolution Counters"
"90","Optical, photo, & film equipment; medical instruments","9030","Oscilloscopes"
"90","Optical, photo, & film equipment; medical instruments","9031","Other Measuring Instruments"
"90","Optical, photo, & film equipment; medical instruments","9032","Thermostats"
"90","Optical, photo, & film equipment; medical instruments","9033","Opto-Electric Instrument Parts"
"90","Optical, photo, & film equipment; medical instruments","9098","Small shipments in extra trade (Chapter 90)"
"91","Clocks, watches, & parts","9101","Precious Metal Watches"
"91","Clocks, watches, & parts","9102","Base Metal Watches"
"91","Clocks, watches, & parts","9103","Clocks with Watch Movements"
"91","Clocks, watches, & parts","9104","Dashboard Clocks"
"91","Clocks, watches, & parts","9105","Other Clocks"
"91","Clocks, watches, & parts","9106","Time Recording Instruments"
"91","Clocks, watches, & parts","9107","Time Switches"
"91","Clocks, watches, & parts","9108","Watch Movements"
"91","Clocks, watches, & parts","9109","Clock Movements"
"91","Clocks, watches, & parts","9110","Incomplete Movement Sets"
"91","Clocks, watches, & parts","9111","Watch Cases and Parts"
"91","Clocks, watches, & parts","9112","Clock Cases and Parts"
"91","Clocks, watches, & parts","9113","Watch Straps"
"91","Clocks, watches, & parts","9114","Other Clocks and Watches"
"91","Clocks, watches, & parts","9198","Small shipments in extra trade (Chapter 91)"
"92","Musical instruments","9201","Pianos"
"92","Musical instruments","9202","String Instruments"
"92","Musical instruments","9203","Pipe Organs"
"92","Musical instruments","9204","Accordions"
"92","Musical instruments","9205","Wind Instruments"
"92","Musical instruments","9206","Percussion"
"92","Musical instruments","9207","Electric Musical Instruments"
"92","Musical instruments","9208","Other Musical Instruments"
"92","Musical instruments","9209","Musical Instrument Parts"
"92","Musical instruments","9298","Small shipments in extra trade (Chapter 92)"
"93","Weapons","9301","Military Weapons"
"93","Weapons","9302","Handguns"
"93","Weapons","9303","Other Firearms"
"93","Weapons","9304","Spring, Air, and Gas Guns"
"93","Weapons","9305","Weapons Parts and Accessories"
"93","Weapons","9306","Explosive Ammunition"
"93","Weapons","9307","Bladed Weapons and Accessories"
"94","Furniture, bedding, lamps, & prefab buildings","9401","Seats"
"94","Furniture, bedding, lamps, & prefab buildings","9402","Medical Furniture"
"94","Furniture, bedding, lamps, & prefab buildings","9403","Other Furniture"
"94","Furniture, bedding, lamps, & prefab buildings","9404","Mattresses"
"94","Furniture, bedding, lamps, & prefab buildings","9405","Light Fixtures"
"94","Furniture, bedding, lamps, & prefab buildings","9406","Prefabricated Buildings"
"94","Furniture, bedding, lamps, & prefab buildings","9498","Small shipments in extra trade (Chapter 94)"
"95","Toys, games, & sports","9501","Wheeled Toys"
"95","Toys, games, & sports","9502","Dolls"
"95","Toys, games, & sports","9503","Other toys"
"95","Toys, games, & sports","9504","Video and Card Games"
"95","Toys, games, & sports","9505","Party Decorations"
"95","Toys, games, & sports","9506","Sports Equipment"
"95","Toys, games, & sports","9507","Fishing and Hunting Equipment"
"95","Toys, games, & sports","9508","Fairground Amusements"
"95","Toys, games, & sports","9598","Small shipments in extra trade (Chapter 95)"
"96","Misc. manufactures","9601","Worked Ivory and Bone"
"96","Misc. manufactures","9602","Vegetable and Mineral Carvings"
"96","Misc. manufactures","9603","Brooms"
"96","Misc. manufactures","9604","Hand Sifters"
"96","Misc. manufactures","9605","Travel Kits"
"96","Misc. manufactures","9606","Buttons"
"96","Misc. manufactures","9607","Zippers"
"96","Misc. manufactures","9608","Pens"
"96","Misc. manufactures","9609","Pencils and Crayons"
"96","Misc. manufactures","9610","Chalkboards"
"96","Misc. manufactures","9611","Rubber Stamps"
"96","Misc. manufactures","9612","Ink Ribbons"
"96","Misc. manufactures","9613","Lighters"
"96","Misc. manufactures","9614","Smoking Pipes"
"96","Misc. manufactures","9615","Combs"
"96","Misc. manufactures","9616","Scent Sprays"
"96","Misc. manufactures","9617","Vacuum Flask"
"96","Misc. manufactures","9618","Mannequins"
"96","Misc. manufactures","9619","Sanitary towels (pads)"
"96","Misc. manufactures","9620","Monopods, bipods, tripods and similar articles"
"96","Misc. manufactures","9698","Small shipments in extra trade (Chapter 96)"
"97","Art & antiques","9701","Paintings"
"97","Art & antiques","9702","Prints"
"97","Art & antiques","9703","Sculptures"
"97","Art & antiques","9704","Revenue Stamps"
"97","Art & antiques","9705","Collector's Items"
"97","Art & antiques","9706","Antiques"
"97","Art & antiques","9798","Small shipments in extra trade (Chapter 97)"
"99","Unclassified","9998","Small shipments in extra trade (Chapter 99)"
"99","Unclassified","9999","Commodities not elsewhere specified"